titulo,mais_abondonados
A Menina que Roubava Livros,1
A Cabana,2
O Mundo de Sofia,3
O Morro dos Ventos Uivantes,4
As Crônicas de Nárnia,5
O Diário de Anne Frank,6
O Teorema Katherine,7
A Hospedeira,8
Crepúsculo #1,9
Orgulho e preconceito,10
Mil Beijos de Garoto,11
Morte Súbita,12
Cinquenta Tons de Cinza #1,13
A Guerra dos Tronos (Crônicas do Gelo e Fogo #1),14
"Vermelho, Branco e Sangue Azul",15
A Culpa é das Estrelas,16
O Código Da Vinci (Robert Langdon #2),17
Dom Casmurro (Série Bom Livro),18
"Quem É Você, Alasca?",19
A Rainha Vermelha #1,20
Cidades de Papel,21
1984,22
A Herdeira (A Seleção #4),23
O Cortiço,24
O Caçador de Pipas,25
A Batalha do Apocalipse,26
Harry Potter e a Pedra Filosofal (Harry Potter #1),27
Espada de Vidro (A Rainha Vermelha #2),28
Um Dia,29
Memórias Póstumas de Brás Cubas (Obra-Prima de Cada Autor #18),30
"Comer, Rezar, Amar",31
Marley &amp; Eu,32
Corte de Espinhos e Rosas #1,33
O Vendedor de Sonhos #1,34
Amanhecer (Crepúsculo #4),35
Cidade dos Ossos (Os Instrumentos Mortais #1),36
O Pequeno Príncipe,37
O segredo (The Secret),38
Lolita,39
Lua Nova (Crepúsculo #2),40
Melancia (As Irmãs Walsh #1),41
A Sociedade do Anel (O Senhor dos Anéis #1),42
O Ladrão de Raios (Percy Jackson e os Olimpianos #1),43
It: A Coisa,44
Fallen #1,45
Teto Para Dois,46
Um de Nós Está Mentindo #1,47
A Sutil Arte de Ligar o F*da-se,48
Anne de Green Gables #1,49
Anjos e Demônios (Robert Langdon #1),50
A Coroa (A Seleção #5),51
Depois de você (Como eu era antes de você #2),52
Eclipse  (Crepúsculo #3),53
Como Eu Era Antes de Você #1,54
O Orfanato da Srta. Peregrine Para Crianças Peculiares #1,55
As Vantagens de Ser Invisível,56
Querido John,57
O Guia do Mochileiro das Galáxias #1,58
Mentirosos,59
Harry Potter e o Cálice de Fogo (Harry Potter #4),60
1808,61
Iracema,62
O Silmarillion,63
Amor &amp; Gelato,64
A Garota do Lago,65
Crime e Castigo (A Obra-prima de cada autor,66
A Revolução dos Bichos,67
O Hobbit,68
Convergente (Divergente  #3),69
A Seleção #1,70
Cem anos de solidão,71
Mulheres que Correm com os Lobos,72
Harry Potter e a Câmara Secreta (Harry Potter #2),73
O Retrato de Dorian Gray,74
O Homem de Giz,75
O Príncipe Cruel (O Povo do Ar #1),76
Fortaleza Digital,77
O Lado Bom da Vida,78
O Menino do Pijama Listrado,79
Admirável mundo novo,80
Senhora,81
Harry Potter e a Ordem da Fênix (Harry Potter #5),82
O Símbolo Perdido (Robert Langdon #3),83
Garota Exemplar,84
A Divina Comédia (Obras Primas),85
Ensaio Sobre a Cegueira,86
Memórias de um Sargento de Milícias (Bom Livro),87
Os sete maridos de Evelyn Hugo,88
O Monge e O Executivo,89
Capitães da Areia,90
A arte da guerra (L&amp;PM Pocket),91
O Príncipe (Classicos de Ouro),92
A Vida Invisível de Addie LaRue,93
Extraordinário,94
O Guardião de Memórias,95
Madame Bovary (A Obra-prima de cada autor,96
O Poder do Hábito,97
O Conto da Aia,98
Água para Elefantes,99
Estilhaça-me #1,100
Triste fim de Policarpo Quaresma,101
Tormenta (Fallen #2),102
Ponto de Impacto,103
Vidas Secas,104
A Última Música,105
Drácula,106
